relationship,observations,pearson_corr,spearman_corr
level_labor_vs_payout,18,0.5273664892736207,0.15995872033023736
change_labor_vs_payout,17,0.37310685222443757,0.31617647058823534
level_labor_vs_dividend,18,0.6666801853907321,0.25696594427244585
level_labor_vs_buyback,18,0.09734672040254229,0.0629514963880289
